Тайтл,Общее время (ч.),Количество просмотров,Количество платных просмотров,Среднее время (сек),Binge-Watch Rate,Средняя глубина просмотра тайтла (%),Источник: Главная (%),Источник: Пуш (%),Источник: Список эпизодов (%),Источник: Следующий эпизод (%),Источник: Диплинк (%),Источник: Лента (%),Источник: История (%),Источник: Поиск (%),Источник: Жанр (%),Источник: Избранное (%),Источник: Карусель (%),Источник: Внутри подборки (%),Источник: Каталог (%),Источник: Предыдущий эпизод (%),Retention 3 (%),Retention 5 (%),Retention 10 (%),Retention 15 (%),Источник: Подборка (%),Retention 30 (%),Источник: Внутри карусели (%)
My Sex Ski Instructor,538.8927777777777,31601,403,61.390905351096485,5.557894736842106,7.774016578972518,0.9778171576848834,0.0,1.6898199424068858,76.04506186513085,0.05379576595677352,2.9113002753077435,0.3354324230245878,0.9556659599379767,0.1550583842283472,0.22151197746906742,9.528179487990887,0.20568969336413404,0.8290876870985096,2.8891490775608366,88.28834530552831,82.83915065978924,76.03556849466788,73.00085440334166,1.8100693016043796,67.77633619189267,0.14240055694440049
Бумажные сердца,355.96805555555557,20954,0,61.15705831822086,6.687083080654943,9.168928338280248,0.0,0.014317075498711463,2.9779517037319843,65.944449747065,0.004772358499570487,7.153765390856161,0.3054309439725112,1.3458050968788775,0.1527154719862556,0.13362603798797365,5.8700009544717,0.24339028347809488,0.7635773599312781,7.3351150138398395,83.8455664789539,77.28357354204448,70.59749928414622,67.32366135344087,5.889090388469982,62.74696955235277,0.0
Divorce on the wedding day,314.25416666666666,23640,0,47.85596446700507,7.603492884864165,8.561010980469074,0.0,0.021150592216582064,1.916243654822335,61.99661590524535,1.2732656514382403,13.845177664974619,1.6032148900169205,0.7191201353637902,0.2326565143824027,0.08883248730964467,6.924703891708968,0.22419627749576987,0.5795262267343486,5.274957698815567,83.31218274111676,76.12521150592217,68.83671742808798,65.41032148900169,4.458544839255499,60.55414551607445,0.0
Рождество с секретным миллиардером,309.77944444444444,22431,0,49.71717712094869,6.889583333333333,20.83655555204711,0.0,0.013374348000534974,1.4934688600597388,54.83482680219339,0.2630288440105212,23.503187552940126,0.5973875440238955,0.7534216040301369,0.22736391600909456,0.06687174000267487,9.179260844367171,0.22736391600909456,0.38785609201551424,5.037671080201507,81.86438411127457,73.1175605189247,62.50724443850029,58.53060496634122,2.982479604119299,53.92091302215684,0.0
Million Dollar Twins,263.5105555555556,15939,233,59.516782734174036,3.781214203894616,9.176094050132393,1.0979358805445762,0.03764351590438547,1.173222912353347,72.68335529205095,0.006273919317397578,3.4569295438860657,0.2321350147437104,0.727774640818119,0.30742204655248134,0.1756697408871322,10.370788631658197,0.5521048999309869,1.173222912353347,2.534663404228622,87.73448773448773,81.8809210113558,74.65336595771379,71.24662776836689,4.912478825522304,65.68166133383525,0.15684798293493946
50 Women of My Son,237.39833333333334,14951,206,57.16233027891111,4.426810477657935,5.819932222891404,1.1370476891177848,0.053508126546719284,2.113570998595412,72.74429804026487,0.013377031636679821,3.518159320446793,0.9029496354758879,0.48826165473881344,0.14714734800347803,0.15383586382181794,11.370476891177848,0.22072102200521704,0.5685238445588924,2.7222259380643434,83.68002140325062,77.09852183800415,69.7679085011036,66.53735536084542,1.712260049495017,61.3203130225403,0.23409805364189687
Damn! The Duke Got The Wrong Girl,199.16027777777776,17647,0,40.62883209610699,5.722575516693164,3.5389179941736777,0.0,0.017000056666855556,1.530005100017,52.72850909503032,0.06800022666742223,25.143083810279368,1.8700062333541112,0.48733495778319263,0.15866719555731854,0.24933416444721482,10.664702215674053,0.20400068000226668,0.6856689522298408,3.989346631155437,80.01360004533349,71.2359041196804,60.5258684195614,55.60718535728452,1.6376721255737519,50.325834419448064,0.0
28 Days of Love Without Sex,186.89638888888888,12661,236,53.14169496880183,4.17124394184168,6.881424356769124,1.3506042176763289,0.03159308111523576,1.5954505963194061,65.97425163889108,0.023694810836426824,3.617407787694495,0.3475238922675934,1.1215543795908696,0.2132532975278414,0.07898270278808942,16.049285206539768,0.2527446489218861,1.6270436774346417,2.803885948977174,85.5935550114525,78.59568754442778,71.08443250928046,67.53021088381644,2.006160650817471,61.96193033725614,0.23694810836426822
I fell in love with a waiter,159.49388888888888,15385,196,37.3206369840754,3.8888054094665665,16.339308327333676,0.864478388040299,0.0,1.76145596360091,65.29736756581086,0.5654858628534286,4.088397790055248,0.5199870003249919,3.5294117647058822,0.25349366265843354,0.14299642508937277,14.49463763405915,0.22749431264218395,0.6109847253818654,3.633409164770881,85.25836854078648,78.99252518687032,71.60220994475138,68.10529736756581,2.729931751706207,62.892427689307766,0.16899577510562236
One Night Stand,128.51888888888888,8834,95,52.373556712700925,4.8442776735459665,5.7779064898482515,0.4414761150101879,0.04527960153950645,0.8716323296354992,70.20602218700475,0.1697985057731492,4.980756169345709,0.19243830654290242,0.554675118858954,0.10187910346388952,0.022639800769753225,0.0,0.7357935250169798,4.663798958569164,4.403441249717003,85.73692551505546,79.65813900837672,71.77948834050261,68.31559882273037,12.361331220285262,61.79533620104143,0.0
I kissed my boss,113.15527777777778,9467,0,43.02936516319848,4.059548254620124,24.82046913823968,0.010563008344776593,0.021126016689553186,4.024506179359881,58.994401605577266,3.28509559522552,6.23217492341819,1.0457378261328827,1.89077849371501,0.9823597760642231,0.17957114186120207,2.725256152952361,0.6126544839970424,1.1619309179254251,6.443435090313721,80.17323333685434,70.67708883490018,61.96260695045949,58.20217597971902,11.429175029048272,52.23407626492025,0.0
We Charmed Our Boss,111.23277777777778,9108,161,43.9655248133509,3.3574074074074076,13.208033838911582,1.8994290733421169,0.0,1.6908212560386473,60.54018445322793,0.021958717610891524,5.698287220026351,0.38427755819060166,0.735617039964866,0.21958717610891523,0.4281949934123847,16.128678085199823,0.27448397013614406,1.0320597277119017,4.391743522178305,82.27931488801055,75.55994729907773,67.54501537110232,63.252086078173036,4.205094422485727,57.04874835309618,0.2964426877470356
New Boss,103.81416666666667,8571,80,43.60413020651033,3.179611650485437,2.761250070928022,1.9484307548710769,0.07000350017500875,1.878427254696068,57.05285264263213,0.011667250029168125,8.050402520126006,0.5366935013417338,0.9100455022751137,0.5016917512542294,0.11667250029168125,13.604013534010035,1.1550577528876445,1.6100805040252013,2.0067670050169175,82.66246645665616,73.21199393302999,63.34150040835375,59.26963014817407,8.71543577178859,52.24594563061486,0.22167775055419436
She Is a Model for Her Friend,98.7925,6687,0,53.185733512786,4.536745406824147,6.832445977737538,0.0,0.02990877822640945,1.8692986391505908,61.7018094810827,0.10468072379243308,6.5500224315836695,0.31404217137729923,1.031852848811126,0.43367728428293706,0.38881411694332285,11.425153282488411,0.8374457903394646,1.749663526244953,5.772394197697024,85.07551966502169,78.1665918947211,70.07626738447735,66.74143861223268,6.235980260206371,61.80649020487513,0.0
Бюро последний шанс,78.575,5044,0,56.080491673275176,3.8881789137380194,20.88737564269274,0.8128469468675654,0.07930214115781126,0.8128469468675654,64.67089611419509,0.03965107057890563,0.7731958762886598,0.21808088818398097,1.6851704996034893,0.6542426645519429,0.1387787470261697,18.616177636796195,2.379064234734338,3.528945281522601,2.2799365582870736,87.90642347343378,81.12609040444092,70.97541633624108,65.72164948453609,1.9429024583663759,57.7319587628866,0.6145915939730373
Таинственный остров,61.426944444444445,3342,64,66.16906044284859,3.6346153846153846,9.600910349187163,0.14961101137043686,0.0,0.6283662477558348,68.91083183722321,0.0,10.203470975463794,0.23937761819269898,0.9275882704967086,0.5984440454817475,0.029922202274087373,0.0,4.278874925194494,7.031717534410532,2.423698384201077,85.75703171753442,80.04189108318373,73.4590065828845,69.4494314781568,4.129263913824057,64.48234590065829,0.0
The mafia boss is my servant,55.79888888888889,4576,0,43.89772727272727,11.88412017167382,12.151590602776386,0.0,0.06555944055944056,1.5734265734265733,75.91783216783217,1.048951048951049,10.55506993006993,0.021853146853146852,0.17482517482517482,0.043706293706293704,0.0,3.0594405594405596,0.08741258741258741,0.2403846153846154,2.1416083916083917,87.39073426573427,81.79632867132867,76.37674825174825,72.74912587412588,2.272727272727273,68.15996503496504,0.0
Cleopatra,54.120555555555555,5998,42,32.48316105368456,2.8348214285714284,2.8234552829976503,1.1670556852284095,0.016672224074691565,4.05135045015005,44.648216072024006,0.20006668889629878,21.707235745248415,1.0003334444814937,2.66755585195065,1.7505835278426143,0.3667889296432144,1.2837612537512504,0.6502167389129709,2.7675891963987995,2.8509503167722574,69.28976325441813,59.01967322440814,46.748916305435145,40.5135045015005,13.337779259753251,33.06102034011337,0.0
Небесный тихоход,49.290277777777774,3001,64,59.12862379206931,2.5294117647058822,8.297692853729227,1.299566811062979,0.0,0.6997667444185272,66.67777407530824,0.0,10.963012329223591,0.06664445184938354,3.4321892702432524,0.733088970343219,0.0,0.03332222592469177,2.6991002999000333,5.531489503498833,1.3328890369876707,86.27124291902699,78.47384205264912,70.64311896034656,66.11129623458847,6.331222925691436,60.77974008663779,0.0
Белый Клык,42.63333333333333,2465,40,62.26369168356998,4.336538461538462,7.745928693851102,0.16227180527383367,0.0,0.486815415821501,63.6105476673428,0.0,12.129817444219068,0.16227180527383367,1.6632860040567952,0.7302231237322515,0.0,0.0,4.259634888438134,10.223123732251521,2.9614604462474645,84.74645030425964,76.67342799188641,67.09939148073022,63.24543610547667,3.2454361054766734,58.012170385395535,0.0
Любить тебя заново,40.51111111111111,2481,0,58.78274889157598,3.6936026936026938,41.48780314344641,0.0,0.04030632809351068,1.5719467956469166,59.854897218863364,1.77347843611447,1.894397420395002,0.28214429665457474,3.1841999193873436,0.7255139056831923,0.08061265618702136,6.1265618702136235,0.16122531237404272,2.0556227327690446,4.997984683595324,83.91777509068923,75.0906892382104,66.0217654171705,62.19266424828698,14.79242241031842,55.824264409512296,0.0
Married to a Stranger,40.24611111111111,3400,42,42.61352941176471,6.0,2.356966003702535,1.9705882352941178,0.0,2.411764705882353,54.8235294117647,0.0,10.323529411764707,0.6764705882352942,0.8823529411764706,1.2058823529411764,1.1176470588235294,0.0,1.7941176470588236,2.2941176470588234,3.5294117647058822,81.05882352941177,70.08823529411765,57.911764705882355,53.3235294117647,18.441176470588236,46.85294117647059,0.0
Каменный цветок,39.253055555555555,3102,20,45.55480335267569,3.5497076023391814,4.218445320905262,0.1289490651192779,0.0,0.9993552546744036,55.89941972920696,0.0,9.477756286266924,0.3546099290780142,0.38684719535783363,1.6118633139909735,0.032237266279819474,0.0,1.6763378465506125,4.061895551257253,6.995486782720826,81.14119922630562,71.05093488072211,59.219858156028366,52.45003223726628,17.988394584139265,41.7150225660864,0.0
Свинарка и пастух,34.38805555555555,2492,49,49.67776886035313,3.7560975609756095,5.211735023581777,1.2841091492776886,0.0,0.4012841091492777,63.08186195826645,0.0,11.476725521669342,0.32102728731942215,2.6886035313001604,0.9229534510433387,0.08025682182985554,0.0,2.5280898876404496,6.019261637239166,1.203852327447833,83.22632423756019,72.31139646869984,62.31942215088282,58.386837881219904,9.911717495987158,51.12359550561798,0.0
Алёша Птицын,33.3975,2797,9,42.98569896317483,2.8024193548387095,3.380906906744773,0.07150518412584912,0.0,1.2870933142652843,48.158741508759384,0.0,10.296746514122274,0.32177332856632107,3.0389703253485876,1.5731140507686807,0.21451555237754738,0.0,0.8938148015731141,10.153736145870576,6.435466571326421,81.19413657490168,69.82481229889167,55.631033249910615,50.01787629603146,17.053986414015014,40.9009653199857,0.0
The Escort,32.42888888888889,2048,17,57.00390625,2.8815789473684212,2.9728576245048375,0.439453125,0.0,4.833984375,54.98046875,0.048828125,17.87109375,0.439453125,1.611328125,0.0,1.318359375,0.0,0.0,15.966796875,2.197265625,76.3671875,66.943359375,58.203125,53.466796875,0.0,47.4609375,0.0
Иван Никулин — русский матрос,30.14388888888889,1866,35,58.155412647374064,2.9166666666666665,6.6402812809394955,0.48231511254019294,0.0,0.5359056806002144,60.12861736334405,0.0,16.613076098606644,0.37513397642015006,1.0182207931404073,1.1789924973204715,0.0,0.05359056806002144,3.429796355841372,10.182207931404072,3.054662379421222,81.08252947481243,73.90139335476957,66.02357984994642,61.843515541264736,2.7867095391211145,55.841371918542336,0.0
Садко,29.59777777777778,2618,41,40.69977081741788,3.2203389830508473,4.680314802914347,1.2987012987012987,0.03819709702062643,1.2605042016806722,59.16730328495034,0.26737967914438504,10.733384262796028,0.4965622612681436,3.628724216959511,0.878533231474408,0.07639419404125286,0.0,2.4446142093200915,6.340718105423988,2.2536287242169597,77.69289533995416,69.55691367456073,60.236822001527884,55.080213903743314,11.03896103896104,47.975553857906796,0.0
Волга Волга,29.24111111111111,2009,38,52.39820806371329,3.0980392156862746,4.321346469622331,0.34843205574912894,0.0,0.9457441513190642,61.075161772025886,0.0,17.122946739671477,0.1991040318566451,2.73768043802887,1.9412643106022898,0.0,0.0,2.538576406172225,7.267297162767546,1.1946241911398705,79.59183673469387,70.48282727725237,61.47336983573917,56.346441015430564,4.579392732702837,51.26928820308611,0.0
Faded Threads,29.109166666666667,1608,2,65.16977611940298,2.3076923076923075,6.029967719104421,0.12437810945273632,0.0,0.24875621890547264,4.477611940298507,0.0,20.398009950248756,0.12437810945273632,0.31094527363184077,0.0,0.0,0.0,0.0,2.611940298507463,0.373134328358209,82.71144278606965,77.79850746268657,73.19651741293532,71.70398009950249,0.0,70.39800995024876,0.0
Fisherman Ceo,29.0575,2649,0,39.48924122310306,4.570815450643777,11.375828525754304,0.0,0.0,0.41525103812759534,67.6481691204228,1.5855039637599093,6.719516798791997,0.11325028312570781,0.3020007550018875,0.07550018875047187,0.0,4.794261985654964,0.03775009437523594,0.1887504718761797,3.2465081162702907,81.31370328425821,73.0086825217063,64.62816157040393,59.41864854662137,3.1710079275198186,51.49112872782182,0.0
The Crown,28.54361111111111,2479,20,41.45098830173457,4.148387096774194,2.8155811730871245,0.5244050020169423,0.12101653892698669,2.2186365469947558,49.778136345300524,0.927793465106898,16.498588140379184,0.24203307785397338,0.8874546187979023,0.12101653892698669,4.921339249697459,0.0,1.492537313432836,4.235578862444534,2.016942315449778,81.56514723678903,72.00484066155708,60.66962484872933,56.27269060104881,15.772488906817266,50.786607503025415,0.0
The Marriage Contract,27.68888888888889,2495,22,39.95190380761523,3.752577319587629,1.8915472431382074,1.5230460921843687,0.12024048096192384,1.122244488977956,53.587174348697395,1.122244488977956,15.31062124248497,0.08016032064128256,0.6813627254509018,1.3226452905811623,0.16032064128256512,0.0,4.7695390781563125,5.290581162324649,1.8036072144288577,83.60721442885772,72.78557114228457,60.56112224448898,52.18436873747495,12.82565130260521,43.40681362725451,0.0
Тимур и его команда,25.758333333333333,1749,28,53.0188679245283,2.870967741935484,5.114298194525334,0.743281875357347,0.0,1.3722126929674099,57.34705546026301,0.0,17.667238421955403,0.17152658662092624,1.429388221841052,1.9439679817038307,0.0,0.0,5.660377358490566,6.003430531732419,2.058319039451115,79.13093196112064,69.58261863922242,59.63407661520869,54.259576901086334,5.4888507718696395,48.256146369353914,0.0
Trial Marriage to A Billionaire. Season 1,25.42388888888889,1951,25,46.912352639671965,3.9,3.0255008673944315,1.7939518195797026,0.10251153254741159,1.6401845207585855,57.81650435674013,2.1014864172219374,16.96565863659662,0.15376729882111737,0.8200922603792927,1.2813941568426448,0.051255766273705795,0.6150691952844695,2.6652998462327013,2.972834443874936,1.5889287544848796,80.16401845207587,71.50179395181958,62.32701178882624,58.12403895438237,7.124551512045105,52.99846232701179,0.0
Echoes of Vengeance,24.639722222222222,2524,31,35.14381933438986,3.4869565217391303,2.338622078798616,0.39619651347068147,0.0,1.2678288431061806,54.318541996830426,0.0,17.31378763866878,0.35657686212361334,0.35657686212361334,0.23771790808240886,0.0,0.0,1.0301109350237718,2.416798732171157,2.179080824088748,78.76386687797148,68.81933438985737,57.44849445324881,52.09984152139461,19.057052297939777,43.38351822503962,0.0
Дети капитана Гранта,23.49111111111111,1676,15,50.4582338902148,2.73943661971831,4.086259464526448,0.17899761336515513,0.0,1.3723150357995226,52.2673031026253,0.0,16.646778042959426,0.11933174224343675,1.909307875894988,1.909307875894988,0.0,0.0,1.9689737470167064,9.009546539379475,3.4009546539379474,80.25059665871122,71.83770883054892,62.11217183770883,57.279236276849645,10.918854415274463,51.133651551312646,0.0
The Day We Got Married,22.05527777777778,2198,18,36.12329390354868,5.431578947368421,3.3425007693321267,1.5468607825295724,0.4549590536851683,3.776160145586897,58.28025477707006,1.8198362147406733,12.738853503184714,0.09099181073703366,0.818926296633303,0.9099181073703366,1.7743403093721566,0.18198362147406733,3.6396724294813465,2.5022747952684257,3.7306642402183803,79.2083712465878,70.7916287534122,62.46587807097361,58.3712465878071,4.276615104640582,52.775250227479525,0.0
Изи катка,21.970555555555556,2239,15,35.32559178204556,2.4012738853503186,1.7945914941255001,0.49129075480125056,0.044662795891022775,1.5185350602947745,46.53863331844573,0.1786511835640911,17.954443948191155,0.2233139794551139,1.3398838767306833,1.1612326931665922,0.0,14.917373827601608,4.33229120142921,2.7690933452434123,3.3050468959356856,77.4452880750335,65.96694953104064,52.16614560071461,45.19874944171505,4.778919160339437,37.33809736489504,0.0
Девушка с характером,20.005277777777778,1421,28,50.68191414496833,4.310344827586207,4.473749435493439,0.5629838142153413,0.0,0.422237860661506,61.576354679802954,0.0,20.19704433497537,0.14074595355383532,1.0555946516537649,1.1259676284306825,0.0,0.0,3.9408866995073892,6.33356790992259,0.844475721323012,80.36593947923997,70.72484166080226,60.309641097818435,56.29838142153413,3.6593947923997185,48.83884588318086,0.0
Учитель,19.858055555555556,1630,2,43.85828220858896,3.4318181818181817,2.5120721001834974,0.06134969325153374,0.0,0.6748466257668712,45.52147239263804,0.0,18.773006134969325,0.3067484662576687,1.5950920245398772,1.3496932515337423,0.0,0.0,1.0429447852760736,8.036809815950921,4.171779141104294,79.6319018404908,66.87116564417178,54.84662576687116,49.32515337423313,18.404907975460123,41.34969325153374,0.0
Секретарь райкома,19.739166666666666,1536,8,46.263671875,2.7674418604651163,2.9545190908059036,0.13020833333333334,0.0,1.171875,46.744791666666664,0.0,20.5078125,0.13020833333333334,2.6041666666666665,1.1067708333333333,0.06510416666666667,0.0,1.6927083333333333,11.197916666666666,5.729166666666667,81.38020833333333,71.22395833333333,58.7890625,51.953125,8.658854166666666,42.838541666666664,0.0
Marry The Wrong Bride,19.673333333333332,2062,27,34.34723569350145,3.951219512195122,1.7141674643638127,1.8913676042677012,0.09699321047526673,3.8797284190106693,45.586808923375365,0.4364694471387003,14.306498545101842,0.533462657613967,1.0184287099903007,0.9214354995150339,2.3278370514064015,0.19398642095053345,3.2492725509214355,5.18913676042677,2.0853540252182348,72.69641125121241,60.71774975751698,49.8545101842871,42.289039767216295,17.31328806983511,30.552861299709022,0.0
Hollywood Star`s Fake Girlfriend,17.375833333333333,1735,20,36.05360230547551,5.093023255813954,2.5232099984510534,1.8443804034582132,0.05763688760806916,0.7492795389048992,57.002881844380404,0.0,22.13256484149856,0.11527377521613832,0.5763688760806917,0.1729106628242075,0.23054755043227665,0.0,0.7492795389048992,2.0172910662824206,1.037463976945245,76.48414985590779,64.78386167146974,54.12103746397695,48.76080691642651,11.873198847262248,42.88184438040346,0.0
My Handsome Bodyguard,16.0325,1456,14,39.6407967032967,4.872727272727273,2.5982497366501907,0.20604395604395603,0.20604395604395603,1.098901098901099,56.31868131868132,2.129120879120879,23.9010989010989,0.13736263736263737,1.9917582417582418,0.27472527472527475,0.0,0.0,1.098901098901099,3.5714285714285716,1.6483516483516483,78.15934065934066,67.99450549450549,57.55494505494506,51.717032967032964,7.142857142857143,43.26923076923077,0.0
Три встречи,15.658055555555556,1120,22,50.32946428571429,3.638888888888889,3.70189406103735,0.26785714285714285,0.0,1.1607142857142858,55.17857142857143,0.08928571428571429,27.5,0.08928571428571429,0.8035714285714286,1.0714285714285714,0.08928571428571429,0.0,4.464285714285714,8.303571428571429,0.8928571428571429,78.48214285714286,70.26785714285714,57.767857142857146,53.482142857142854,0.0,47.410714285714285,0.0
Солистка балета,15.535833333333333,1184,11,47.23733108108108,2.6056338028169015,3.506854571720941,0.7601351351351351,0.0,0.8445945945945946,52.61824324324324,0.0,23.81756756756757,0.16891891891891891,1.1824324324324325,1.2668918918918919,0.0,0.08445945945945946,2.956081081081081,8.699324324324325,1.8581081081081081,77.36486486486487,65.11824324324324,53.20945945945946,50.0,5.658783783783784,44.679054054054056,0.0
Близнецы,15.41388888888889,1440,10,38.53472222222222,2.7787610619469025,3.1688996682620623,0.06944444444444445,0.0,1.4583333333333333,44.375,0.0,21.38888888888889,0.4166666666666667,2.8472222222222223,5.486111111111111,0.1388888888888889,0.06944444444444445,1.0416666666666667,10.625,4.791666666666667,79.65277777777777,68.75,55.90277777777778,48.81944444444444,7.013888888888889,39.02777777777778,0.0
I Think My Wife Wants To Kill Me. Season 1,14.293333333333333,1349,18,38.143810229799854,3.108108108108108,1.7579258006085234,0.815418828762046,0.0,1.5567086730911786,56.634544106745736,2.6686434395848777,23.869532987398074,0.0,3.039288361749444,0.07412898443291327,0.0,0.0,1.111934766493699,4.966641957005189,1.4825796886582654,78.28020756115642,67.0867309117865,52.4833209785026,46.330615270570796,3.039288361749444,39.73313565604151,0.0
Весёлые ребята,14.239722222222222,1088,14,47.11672794117647,2.9545454545454546,3.0858813239257388,0.18382352941176472,0.0,0.9191176470588235,53.216911764705884,0.0,22.977941176470587,0.0,1.7463235294117647,1.6544117647058822,0.18382352941176472,0.0,6.985294117647059,9.834558823529411,2.297794117647059,74.26470588235294,64.79779411764706,56.158088235294116,51.470588235294116,0.0,44.94485294117647,0.0
Hidden Agenda,14.167222222222222,1705,12,29.913196480938417,4.7924528301886795,2.163540261481161,0.3519061583577713,0.17595307917888564,2.2873900293255134,60.76246334310851,2.346041055718475,19.178885630498534,0.11730205278592376,0.6451612903225806,0.0,0.0,0.0,0.0,11.55425219941349,1.2316715542521994,73.19648093841643,61.52492668621701,48.38709677419355,42.287390029325515,0.0,34.193548387096776,0.0
The Phoenix Conspiracy,13.876666666666667,1490,1,33.52751677852349,2.1743119266055047,1.508664948092455,0.06711409395973154,0.33557046979865773,1.74496644295302,37.986577181208055,2.2818791946308723,23.48993288590604,0.33557046979865773,3.221476510067114,0.0,1.0067114093959733,0.0,0.0,23.55704697986577,3.8926174496644297,71.0738255033557,60.13422818791946,47.651006711409394,41.67785234899329,0.0,30.268456375838927,0.0
Подкидыш,13.57638888888889,1095,21,44.63470319634703,2.5952380952380953,5.045577957405515,0.091324200913242,0.0,0.45662100456621,52.96803652968037,0.0,29.1324200913242,0.182648401826484,1.461187214611872,1.004566210045662,0.0,0.0,4.657534246575342,8.858447488584474,0.91324200913242,78.35616438356165,68.94977168949772,58.17351598173516,53.881278538812786,0.0,48.401826484018265,0.0
Цирк,13.571388888888889,1141,14,42.81945661700263,2.5294117647058822,2.8077057463232085,0.6134969325153374,0.0,0.7887817703768624,49.86853637160386,0.0,26.906222611744084,0.0876424189307625,1.2269938650306749,1.0517090271691498,0.0876424189307625,0.0,4.206836108676599,12.269938650306749,2.716914986853637,74.7589833479404,63.62839614373357,53.374233128834355,50.39439088518843,0.0,42.76950043821209,0.0
Mafia Lord's Son Has Secret Love For His Stepmom,13.484166666666667,1181,11,41.10330228619814,3.590909090909091,2.1036797820004787,0.0846740050804403,0.3386960203217612,2.116850127011008,44.45385266723116,4.403048264182896,38.4419983065199,0.5080440304826418,3.048264182895851,0.0,0.2540220152413209,0.0,0.0,4.741744284504657,1.100762066045724,77.81541066892464,65.36833192209991,51.227773073666384,46.65537679932261,0.0,40.47417442845047,0.0
Şoför,13.259444444444444,1432,8,33.33379888268156,4.590909090909091,1.6056224705071904,0.34916201117318435,0.4888268156424581,1.5363128491620113,47.20670391061452,3.4916201117318435,26.536312849162012,0.27932960893854747,2.025139664804469,0.0,0.06983240223463687,0.0,0.0,12.849162011173185,3.701117318435754,72.90502793296089,60.19553072625698,47.83519553072626,41.82960893854749,0.13966480446927373,34.21787709497207,0.0
Runaway Bride,12.564722222222223,1050,7,43.07904761904762,4.758620689655173,1.8288196061688144,0.09523809523809523,0.09523809523809523,0.19047619047619047,44.857142857142854,3.0476190476190474,38.95238095238095,0.2857142857142857,2.0,0.0,0.0,0.0,0.0,7.904761904761905,1.7142857142857142,70.76190476190476,58.76190476190476,48.19047619047619,45.23809523809524,0.0,40.19047619047619,0.0
The Mistress Trap,12.545833333333333,1093,7,41.322049405306494,4.9361702127659575,1.4354117166971132,0.2744739249771272,0.2744739249771272,2.8362305580969807,41.72003659652333,2.92772186642269,31.19853613906679,0.45745654162854527,2.561756633119854,0.18298261665141813,0.2744739249771272,0.0,0.0,14.272644098810613,1.646843549862763,75.20585544373284,62.763037511436416,49.95425434583714,46.02012808783166,0.0,39.4327538883806,0.0
My sister stole my man,11.890555555555556,1076,1,39.78252788104089,3.3260869565217392,1.7307941128901827,0.0,0.5576208178438662,4.83271375464684,24.1635687732342,0.18587360594795538,31.412639405204462,0.37174721189591076,3.159851301115242,0.0,1.20817843866171,0.0,0.0,11.988847583643123,3.8104089219330857,72.4907063197026,61.2453531598513,50.46468401486989,45.817843866171,0.0,38.38289962825279,0.0
Help! I’m Falling In Love With My Rude CEO,11.88111111111111,1241,16,34.465753424657535,4.0,1.5411356236821512,2.09508460918614,0.08058017727639001,0.48348106365834004,51.168412570507655,4.109589041095891,24.65753424657534,0.8058017727639001,3.4649476228847704,0.08058017727639001,0.08058017727639001,0.6446414182111201,0.0,8.8638195004029,2.0145044319097503,75.26188557614827,61.56325543916196,48.348106365834006,43.593875906526996,0.0,37.46978243352135,0.0
Любимая девушка,11.749166666666667,1114,9,37.96858168761221,3.2,2.0940850526182375,0.08976660682226212,0.0,0.9874326750448833,42.190305206463194,0.0,29.353680430879713,0.0,1.6157989228007181,1.3464991023339319,0.0,0.08976660682226212,1.7055655296229804,9.964093357271095,4.129263913824057,76.12208258527828,63.824057450628366,49.730700179533216,43.98563734290844,7.989228007181328,35.18850987432675,0.0
"One Night, One Forever",11.554722222222223,997,6,41.72216649949849,6.787878787878788,1.7524974890292488,0.4012036108324975,0.7021063189568706,1.7051153460381143,43.32998996990973,0.0,35.00501504513541,0.30090270812437314,3.510531594784353,0.10030090270812438,0.802407221664995,0.0,0.0,7.422266800401204,1.5045135406218655,78.73620862587764,69.70912738214643,56.67001003009027,52.05616850551655,2.106318956870612,47.141424272818455,0.0
Good for Him,11.48611111111111,1365,19,30.293040293040292,3.0547945205479454,1.7359274428508333,0.6593406593406593,0.14652014652014653,2.7838827838827838,49.37728937728938,2.197802197802198,21.17216117216117,2.4175824175824174,4.615384615384615,1.1721611721611722,0.0,0.0,1.5384615384615385,9.084249084249084,1.2454212454212454,74.50549450549451,61.46520146520147,51.794871794871796,45.05494505494506,2.93040293040293,37.582417582417584,0.0
Sisters Have Crush on the Same Man,11.449444444444444,1198,1,34.40567612687813,4.459016393442623,1.9571551213286127,0.08347245409015025,0.5008347245409015,2.2537562604340566,42.904841402337226,2.4207011686143574,25.87646076794658,0.333889816360601,6.010016694490818,0.0,0.7512520868113522,0.0,0.0,14.023372287145243,4.674457429048414,72.53756260434056,58.263772954924875,47.495826377295494,41.48580968280467,0.0,34.891485809682806,0.0
Rosy Psycho,11.4125,1333,0,30.82145536384096,2.819672131147541,1.6129450173602116,0.07501875468867217,0.5251312828207052,2.250562640660165,28.657164291072768,4.351087771942986,25.356339084771193,21.980495123780944,2.550637659414854,0.0,0.30007501875468867,0.0,0.0,9.977494373593398,2.250562640660165,75.61890472618154,61.14028507126782,45.98649662415604,40.4351087771943,0.0,33.383345836459114,0.0
In Her Shadow,11.387222222222222,1192,3,34.39093959731544,4.092592592592593,1.7010240833872763,0.16778523489932887,0.33557046979865773,5.87248322147651,42.70134228187919,2.348993288590604,27.516778523489933,0.08389261744966443,12.416107382550335,0.0,0.7550335570469798,0.0,0.0,7.130872483221476,0.587248322147651,69.21140939597315,55.788590604026844,47.06375838926174,43.20469798657718,0.0,37.16442953020134,0.0
Tied By Fate,10.946388888888889,1214,10,32.460461285008236,3.5416666666666665,1.8166605200073758,0.41186161449752884,0.08237232289950576,2.1416803953871497,42.75123558484349,0.08237232289950576,30.72487644151565,0.16474464579901152,0.6589785831960461,0.16474464579901152,0.0,0.0,1.3179571663920921,2.883031301482702,4.7775947281713345,72.07578253706754,59.9670510708402,50.0,44.56342668863262,12.685337726523889,37.64415156507413,0.0
Never Mess with a Badass Girl,10.8175,1248,2,31.204326923076923,5.483333333333333,2.2508127790541415,0.0,0.08012820512820513,9.054487179487179,43.58974358974359,2.323717948717949,24.51923076923077,0.4807692307692308,2.483974358974359,0.0,6.009615384615385,0.0,0.0,8.493589743589743,2.003205128205128,72.91666666666667,56.97115384615385,46.31410256410256,41.74679487179487,0.2403846153846154,37.09935897435897,0.0
The Dumb Billionaire Heiress in Love P1,10.620833333333334,1239,5,30.859564164648912,4.354166666666667,2.0096163044083837,0.0,0.08071025020177562,2.0984665052461664,51.896690879741726,1.29136400322841,27.037933817594833,0.3228410008071025,3.87409200968523,0.0,1.1299435028248588,0.0,0.0,9.362389023405973,2.017756255044391,68.36158192090396,56.01291364003228,47.376916868442294,43.34140435835351,0.0,35.59322033898305,0.0
The Billionaire’s Vow,10.161111111111111,863,5,42.38702201622248,3.2,1.8534826523549566,0.6952491309385863,0.34762456546929316,0.6952491309385863,17.149478563151796,0.0,38.818076477404404,0.9269988412514485,1.3904982618771726,0.0,0.11587485515643106,0.0,0.0,6.488991888760139,0.6952491309385863,74.27578215527231,63.61529548088065,54.57705677867903,51.1008111239861,0.0,45.77056778679027,0.0
The Dumb Billionaire Heiress in Love p2,9.8525,1074,1,33.02513966480447,4.5,1.917807182220069,0.0,0.0,2.4208566108007448,41.62011173184357,0.0,25.41899441340782,0.27932960893854747,9.590316573556796,0.0,0.4655493482309125,0.0,0.0,12.756052141527002,6.890130353817504,71.13594040968343,60.14897579143389,48.13780260707635,43.57541899441341,0.27932960893854747,36.87150837988827,0.0
Conflicted Hearts,9.729722222222222,927,7,37.78532901833873,7.0,1.8143750385257496,0.6472491909385113,0.32362459546925565,1.0787486515641855,47.03344120819849,0.0,37.97195253505933,0.5393743257820928,0.7551240560949298,0.0,0.0,0.0,0.0,7.119741100323624,1.4023732470334411,72.16828478964402,62.13592233009709,50.05393743257821,47.57281553398058,0.0,43.14994606256742,0.0
The Black thrones,9.670555555555556,965,2,36.07668393782384,11.23076923076923,2.119106778293003,0.20725388601036268,0.10362694300518134,6.217616580310881,21.34715025906736,0.0,36.78756476683938,16.99481865284974,1.0362694300518134,0.0,4.5595854922279795,0.0,0.0,5.699481865284974,2.383419689119171,78.75647668393782,63.93782383419689,51.917098445595855,47.461139896373055,0.0,40.72538860103627,0.0
Соловей-Соловушко,9.608611111111111,1107,3,31.247515808491418,2.375,2.0419716646989374,0.09033423667570009,0.0,0.5420054200542005,37.57904245709124,0.0,28.63595302619693,0.18066847335140018,2.3486901535682025,1.6260162601626016,0.09033423667570009,0.0,1.8066847335140017,13.369467028003614,3.7037037037037037,74.25474254742548,62.05962059620596,45.709123757904244,39.47606142728094,9.57542908762421,30.26196928635953,0.0
The CEO,9.476666666666667,941,5,36.255047821466526,2.918918918918919,1.397844395777294,1.9128586609989373,0.3188097768331562,2.5504782146652496,38.89479277364506,5.207226354941551,29.436769394261425,0.10626992561105207,0.9564293304994687,0.3188097768331562,0.0,1.381509032943677,0.0,12.858660998937301,3.8257173219978746,73.32624867162593,61.317747077577046,48.034006376195535,42.50797024442083,0.0,34.218916046758764,0.0
Twisted Fates,9.0675,995,1,32.8070351758794,4.909090909090909,1.6905623088970094,0.0,0.3015075376884422,0.8040201005025126,26.4321608040201,0.0,31.65829145728643,0.0,3.4170854271356785,0.0,1.407035175879397,0.0,0.0,11.155778894472363,3.819095477386935,76.48241206030151,62.61306532663317,52.26130653266332,48.040201005025125,0.0,36.18090452261306,0.0
Blood Contract,8.954166666666667,1080,4,29.84722222222222,3.880952380952381,1.297292728963011,0.46296296296296297,0.37037037037037035,2.037037037037037,37.129629629629626,3.0555555555555554,32.68518518518518,0.18518518518518517,1.7592592592592593,0.09259259259259259,1.0185185185185186,0.0,0.0,12.222222222222221,5.555555555555555,72.31481481481481,58.7962962962963,43.24074074074074,37.870370370370374,0.0,29.90740740740741,0.0
Броненосец «Потёмкин»,8.9175,1087,15,29.533578656853727,2.4358974358974357,3.7351480655835356,1.4719411223551058,0.18399264029438822,0.9199632014719411,42.594296228150874,1.3799448022079117,24.37902483900644,0.09199632014719411,9.291628334866605,1.1039558417663293,0.18399264029438822,0.0,3.4038638454461823,11.039558417663294,1.1959521619135234,70.46918123275069,60.9015639374425,50.41398344066237,43.7902483900644,2.5758969641214353,36.61453541858326,0.0
Trial marriage to a billionaire. Season 2,8.666666666666666,962,0,32.432432432432435,4.6521739130434785,1.2894906511927788,0.2079002079002079,0.0,1.7671517671517671,25.363825363825363,0.0,31.08108108108108,22.557172557172557,1.8711018711018712,0.0,0.9355509355509356,0.0,0.0,12.993762993762994,3.2224532224532223,70.89397089397089,58.523908523908524,47.19334719334719,43.45114345114345,0.0,36.07068607068607,0.0
Revenge on My Cheating Fiancé,8.536944444444444,1137,1,27.02990325417766,3.9814814814814814,1.148249454793539,0.08795074758135445,0.0,1.4072119613016711,37.37906772207564,0.0,29.815303430079155,0.0,4.309586631486368,0.0,0.1759014951627089,0.0,0.0,17.590149516270888,5.452946350043975,69.56904133685137,55.584872471416006,43.6235708003518,37.90677220756376,0.0,28.93579595426561,0.0
The Haunted Sisters,8.338055555555556,1008,7,29.778769841269842,2.7066666666666666,1.5724268711759284,0.1984126984126984,0.1984126984126984,0.5952380952380952,39.98015873015873,1.6865079365079365,34.12698412698413,0.1984126984126984,1.8849206349206349,0.0,0.0,0.0,0.0,19.146825396825395,1.7857142857142858,78.57142857142857,64.58333333333333,49.50396825396825,45.43650793650794,0.0,37.698412698412696,0.0
She is Mine,8.239166666666666,827,6,35.86577992744861,3.3333333333333335,1.438201135781781,1.3301088270858525,0.2418379685610641,1.3301088270858525,38.57315598548972,2.539298669891173,36.517533252720675,0.7255139056831923,1.4510278113663846,0.0,0.0,0.0,0.0,11.487303506650544,4.111245465538089,68.19830713422007,57.073760580411125,48.60943168077388,44.1354292623942,0.0,38.814993954050784,0.0
If Only You Were Mine,7.905555555555556,928,13,30.66810344827586,2.5555555555555554,0.8768929765371046,0.7543103448275862,0.21551724137931033,0.7543103448275862,31.142241379310345,0.0,31.788793103448278,0.10775862068965517,5.926724137931035,0.0,0.10775862068965517,0.0,2.586206896551724,15.517241379310345,2.3706896551724137,68.85775862068965,53.98706896551724,40.73275862068966,33.081896551724135,0.0,23.16810344827586,0.0
Love Me or I Die,7.805555555555555,982,4,28.615071283095723,4.25,1.479331994739685,0.20366598778004075,0.3054989816700611,2.6476578411405294,49.490835030549896,3.258655804480652,31.670061099796335,0.0,1.3238289205702647,0.0,0.814663951120163,0.0,0.0,7.535641547861507,2.443991853360489,74.54175152749491,63.03462321792261,45.926680244399186,41.75152749490835,0.0,33.29938900203666,0.0
Married to My Brother’s Ex,7.721111111111111,1075,3,25.856744186046512,3.40625,1.0412171557345609,0.27906976744186046,0.5581395348837209,0.6511627906976745,44.93023255813954,6.883720930232558,31.813953488372093,0.18604651162790697,0.9302325581395349,0.0,0.09302325581395349,0.0,0.0,8.465116279069768,2.883720930232558,75.06976744186046,63.53488372093023,49.02325581395349,40.093023255813954,0.0,31.069767441860463,0.0
The Perfect Husband,7.492222222222222,723,8,37.30567081604426,2.0714285714285716,1.1514489165144037,0.13831258644536654,0.6915629322268326,0.5532503457814661,30.843706777316736,3.319502074688797,47.302904564315355,0.13831258644536654,2.074688796680498,0.0,0.13831258644536654,0.0,0.0,8.298755186721992,2.7662517289073305,79.11479944674966,69.57123098201936,57.53803596127248,46.47302904564315,0.0,34.57814661134163,0.0
Лунный камень,7.403888888888889,894,9,29.814317673378078,2.4,1.7260438083828458,0.44742729306487694,0.0,1.0067114093959733,32.66219239373602,0.0,32.10290827740492,0.11185682326621924,1.9015659955257271,2.1252796420581657,0.0,0.0,2.9082774049217,12.527964205816556,2.684563758389262,75.6152125279642,60.40268456375839,42.50559284116331,34.675615212527966,10.850111856823267,25.950782997762865,0.0
Undercovered Heart,7.185833333333333,932,9,27.756437768240342,3.48,1.1161496310997971,0.7510729613733905,0.5364806866952789,3.004291845493562,39.91416309012875,4.184549356223176,33.58369098712446,0.1072961373390558,1.0729613733905579,0.0,0.3218884120171674,0.0,0.0,12.231759656652361,2.2532188841201717,74.78540772532189,62.76824034334764,47.63948497854077,42.27467811158798,0.0,30.257510729613735,0.0
Duty Or Desire,7.135277777777778,912,10,28.165570175438596,2.75,1.1359942614312546,0.6578947368421053,0.32894736842105265,0.8771929824561403,46.49122807017544,4.057017543859649,31.469298245614034,0.10964912280701754,3.7280701754385963,0.0,0.10964912280701754,0.0,0.0,10.855263157894736,1.3157894736842106,73.35526315789474,60.6359649122807,45.175438596491226,39.14473684210526,0.0,29.05701754385965,0.0
The Inheritance Game,7.048055555555556,906,2,28.00551876379691,4.851851851851852,1.1848198488260837,0.5518763796909493,0.44150110375275936,7.28476821192053,31.788079470198674,3.642384105960265,34.326710816777044,0.44150110375275936,2.869757174392936,0.0,6.070640176600442,0.0,0.0,6.622516556291391,3.4216335540838854,68.10154525386314,53.42163355408388,42.05298013245033,34.65783664459161,0.0,27.924944812362032,0.0
Destined To Be,6.841111111111111,761,3,32.36268068331143,5.269230769230769,1.0114002234049544,0.2628120893561104,0.2628120893561104,1.971090670170828,39.55321944809461,3.2851511169513796,36.399474375821285,0.0,1.1826544021024967,0.0,0.7884362680683311,0.0,0.0,9.592641261498029,3.679369250985545,74.24441524310119,59.78975032851511,41.26149802890933,36.530880420499344,0.657030223390276,31.406044678055192,0.0
I Think My Wife Wants To Kill Me S2,6.777222222222222,920,13,26.519565217391303,3.1666666666666665,1.0068072350806998,1.3043478260869565,0.0,0.8695652173913043,38.91304347826087,0.0,38.15217391304348,0.43478260869565216,3.0434782608695654,0.0,0.0,0.0,1.1956521739130435,9.891304347826088,1.0869565217391304,72.71739130434783,55.869565217391305,41.84782608695652,36.52173913043478,5.108695652173913,30.76086956521739,0.0
The Pendleton Secret,6.277222222222222,786,8,28.75063613231552,1.7777777777777777,1.0638488184112977,0.3816793893129771,0.5089058524173028,1.6539440203562341,25.826972010178118,0.0,42.36641221374046,0.8905852417302799,0.5089058524173028,0.0,10.94147582697201,0.0,0.0,5.089058524173028,1.3994910941475827,67.55725190839695,48.218829516539444,36.1323155216285,33.07888040712468,0.0,28.244274809160306,0.0
I'm Obsessed with My Boss Part 1,6.236944444444444,970,0,23.147422680412372,2.4935064935064934,1.0855166465546582,0.20618556701030927,0.10309278350515463,0.7216494845360825,42.371134020618555,3.711340206185567,34.5360824742268,0.20618556701030927,1.134020618556701,0.0,0.10309278350515463,0.0,0.0,10.618556701030927,2.6804123711340204,71.85567010309278,59.896907216494846,45.05154639175258,38.76288659793814,0.0,32.371134020618555,0.0
Twist of Time,6.054166666666666,730,6,29.856164383561644,3.0,0.939021952303975,0.273972602739726,0.410958904109589,0.958904109589041,34.52054794520548,3.835616438356164,46.16438356164384,0.136986301369863,0.684931506849315,0.0,0.0,0.0,0.0,9.863013698630137,1.36986301369863,66.84931506849315,56.43835616438356,42.602739726027394,34.794520547945204,0.0,26.986301369863014,0.0
School Hall,5.771388888888889,1032,3,20.132751937984494,2.353846153846154,1.0839465106281745,0.1937984496124031,0.5813953488372093,2.131782945736434,33.81782945736434,3.10077519379845,30.910852713178294,0.5813953488372093,4.3604651162790695,0.0,3.003875968992248,0.0,0.0,15.794573643410853,2.4224806201550386,71.12403100775194,58.333333333333336,38.95348837209303,31.2984496124031,0.09689922480620156,24.8062015503876,0.0
The Escaping Mistress,5.377777777777778,821,6,23.580998781973204,3.7142857142857144,0.8846395322377085,0.48721071863581,0.0,0.97442143727162,41.04750304506699,0.0,40.56029232643118,0.243605359317905,2.0706455542021924,0.0,0.0,0.0,0.0,11.936662606577345,0.97442143727162,67.72228989037758,54.56760048721072,41.90012180267966,34.835566382460414,0.0,26.30937880633374,0.0
Do Not Deceive Me,5.245555555555556,786,5,24.025445292620866,3.1515151515151514,1.030066329202304,0.5089058524173028,0.6361323155216285,0.7633587786259542,30.40712468193384,3.435114503816794,38.93129770992366,0.3816793893129771,0.7633587786259542,0.0,15.776081424936386,0.0,0.0,4.707379134860051,1.7811704834605597,58.01526717557252,47.45547073791349,37.913486005089055,34.35114503816794,0.0,29.134860050890584,0.0
Honey Gold,5.09,765,4,23.95294117647059,2.6216216216216215,0.8684014475253119,0.13071895424836602,0.5228758169934641,1.1764705882352942,33.59477124183007,3.6601307189542482,43.39869281045752,0.0,1.8300653594771241,0.0,0.0,0.0,0.0,11.241830065359476,1.8300653594771241,71.50326797385621,56.60130718954248,42.091503267973856,36.209150326797385,0.0,29.80392156862745,0.0
My celebrity boyfriend killed me,5.055555555555555,789,1,23.067173637515843,2.577777777777778,0.9706273239058042,0.2534854245880862,0.38022813688212925,3.929024081115336,29.53105196451204,2.915082382762991,40.43092522179975,0.1267427122940431,2.534854245880862,0.0,4.689480354879595,0.0,0.0,8.491761723700888,4.689480354879595,72.24334600760456,53.865652724968314,36.12167300380228,28.64385297845374,0.0,21.546261089987325,0.0
An Affair with My Boss,5.045277777777778,849,2,21.393404004711424,5.84,0.9356660677194949,0.5889281507656066,0.23557126030624265,1.1778563015312131,32.6266195524146,0.0,41.342756183745585,0.11778563015312132,1.0600706713780919,0.0,0.11778563015312132,0.0,0.0,8.362779740871614,5.6537102473498235,61.60188457008245,49.705535924617195,36.042402826855124,31.684334511189636,0.0,25.91283863368669,0.0
Killer Romance,4.845555555555555,758,5,23.013192612137203,2.4,0.876553402473384,0.39577836411609496,0.13192612137203166,0.7915567282321899,32.05804749340369,3.1662269129287597,44.9868073878628,0.6596306068601583,1.187335092348285,0.0,0.13192612137203166,0.0,0.0,14.511873350923484,1.3192612137203166,71.89973614775725,62.13720316622691,47.75725593667546,38.39050131926121,0.0,24.934036939313984,0.0
I'm Obsessed with My Boss Part 2,4.791111111111111,835,2,20.6562874251497,3.176470588235294,0.7932777437944689,0.0,0.0,1.0778443113772456,34.97005988023952,0.0,37.84431137724551,0.11976047904191617,3.1137724550898205,0.0,0.0,0.0,0.0,21.077844311377245,1.7964071856287425,67.30538922155688,49.82035928143713,31.736526946107784,25.748502994011975,0.0,20.838323353293415,0.0
Billionaire Daughter's Love Triangle,4.7775,768,9,22.39453125,1.4814814814814814,0.7951382788878513,0.0,0.5208333333333334,0.9114583333333334,35.9375,4.036458333333333,41.276041666666664,0.0,2.0833333333333335,0.0,0.0,0.0,0.0,10.286458333333334,3.125,72.39583333333333,53.385416666666664,37.630208333333336,32.161458333333336,0.0,21.875,0.0
The Unforgettable Love,4.7475,739,6,23.12719891745602,3.142857142857143,0.5864326837658922,0.2706359945872801,0.8119079837618404,1.6238159675236807,28.687415426251693,6.089309878213802,51.15020297699594,0.2706359945872801,1.2178619756427604,0.0,0.13531799729364005,0.0,0.0,8.119079837618404,1.4884979702300405,66.71177266576454,47.767253044654936,31.39377537212449,25.981055480378892,0.0,19.756427604871448,0.0
изи тест,4.301388888888889,290,0,53.39655172413793,1.4444444444444444,9.422022646928182,0.0,0.0,14.137931034482758,3.4482758620689653,0.3448275862068966,0.0,10.0,34.827586206896555,0.6896551724137931,2.7586206896551726,0.0,11.03448275862069,0.6896551724137931,0.0,55.51724137931034,34.827586206896555,18.96551724137931,14.827586206896552,0.0,11.379310344827585,0.0
In Love with His Godfather's Daughter,4.271388888888889,580,0,26.51206896551724,4.3125,0.7956556384597074,0.1724137931034483,0.3448275862068966,1.206896551724138,21.724137931034484,0.0,56.55172413793103,0.1724137931034483,3.6206896551724137,0.0,0.0,0.0,0.0,11.89655172413793,4.310344827586207,73.62068965517241,47.58620689655172,32.58620689655172,26.03448275862069,0.0,20.517241379310345,0.0
Любви не бывает,4.224722222222222,416,0,36.56009615384615,3.5,14.020871360879106,0.0,0.0,3.125,31.25,0.0,44.95192307692308,0.4807692307692308,6.490384615384615,0.0,0.0,0.0,0.0,8.653846153846153,4.326923076923077,76.92307692307692,61.05769230769231,46.39423076923077,41.10576923076923,0.0,35.33653846153846,0.0
Why I Did It,3.8305555555555557,598,6,23.06020066889632,2.1153846153846154,0.7564064167837752,1.0033444816053512,0.5016722408026756,0.8361204013377926,29.598662207357858,5.351170568561873,53.67892976588629,0.0,0.6688963210702341,0.0,0.0,0.0,0.0,8.193979933110368,0.16722408026755853,73.07692307692308,61.20401337792642,38.79598662207358,30.93645484949833,0.0,22.74247491638796,0.0
On One Condition,3.7397222222222224,649,2,20.7442218798151,4.444444444444445,0.601072402816285,0.3081664098613251,0.7704160246533128,0.7704160246533128,30.970724191063173,5.3929121725731894,46.37904468412943,0.0,0.4622496147919877,0.0,0.0,0.0,0.0,11.864406779661017,2.9275808936825887,65.0231124807396,50.23112480739599,32.665639445300464,27.272727272727273,0.0,22.033898305084747,0.0
The Winter Veil,3.6572222222222224,571,5,23.057793345008758,3.0,0.7650425637002818,0.17513134851138354,0.17513134851138354,0.8756567425569177,28.19614711033275,0.17513134851138354,52.01401050788091,0.0,1.5761821366024518,0.0,0.0,0.0,0.0,16.637478108581437,0.17513134851138354,59.36952714535902,50.08756567425569,39.229422066549915,32.9246935201401,0.0,24.34325744308231,0.0
Camouflage,3.4355555555555557,751,10,16.468708388814914,3.4,0.6382739355306168,0.6657789613848203,0.0,4.394141145139813,21.03861517976032,0.0,49.00133155792277,3.4620505992010653,2.130492676431425,0.0,0.13315579227696406,0.0,0.0,12.117177097203728,3.195739014647137,73.36884154460719,58.45539280958722,36.21837549933422,29.027962716378163,0.0,17.976031957390145,0.0
Billionaire’s Betrayal,3.3986111111111112,695,1,17.60431654676259,2.4166666666666665,0.5255805441981664,0.14388489208633093,0.8633093525179856,1.7266187050359711,25.611510791366907,5.755395683453237,44.172661870503596,0.4316546762589928,1.0071942446043165,0.0,0.4316546762589928,0.0,0.0,9.784172661870503,3.0215827338129495,64.02877697841727,46.18705035971223,31.654676258992804,25.611510791366907,0.0,17.26618705035971,0.0
A Love Once Betrayed,3.281388888888889,548,2,21.556569343065693,2.5555555555555554,0.7128095121723101,0.9124087591240876,1.2773722627737227,0.5474452554744526,26.094890510948904,5.291970802919708,53.832116788321166,0.0,2.0072992700729926,0.0,0.18248175182481752,0.0,0.0,6.751824817518248,0.7299270072992701,65.14598540145985,52.00729927007299,33.21167883211679,29.014598540145986,0.0,22.445255474452555,0.0
Collateral Hearts,3.140833333333333,650,3,17.395384615384614,1.565217391304348,0.5173350951490283,0.6153846153846154,0.6153846153846154,1.0769230769230769,19.076923076923077,5.230769230769231,54.30769230769231,0.0,0.46153846153846156,0.0,0.0,0.0,0.0,14.307692307692308,1.0769230769230769,64.15384615384616,44.30769230769231,31.846153846153847,26.615384615384617,0.0,18.307692307692307,0.0
Tangled in Desire,3.020277777777778,643,4,16.909797822706064,4.333333333333333,0.4850475277877407,0.0,0.0,1.8662519440124417,25.972006220839813,0.0,56.60964230171073,0.0,1.088646967340591,0.0,0.6220839813374806,0.0,0.0,9.64230171073095,2.021772939346812,58.164852255054434,41.524105754276825,26.749611197511665,20.839813374805598,0.0,16.951788491446344,0.0
Mysterious Murderer,2.841388888888889,599,7,17.07679465776294,1.5555555555555556,0.6812021763307384,1.1686143572621035,0.8347245409015025,1.1686143572621035,23.03839732888147,0.0,51.75292153589316,0.333889816360601,1.8363939899833055,0.0,0.0,0.0,0.0,15.025041736227045,2.003338898163606,70.61769616026712,52.42070116861436,34.72454090150251,29.54924874791319,1.5025041736227045,17.02838063439065,0.0
Lost and Found,2.769722222222222,530,3,18.81320754716981,5.0,0.5647576713247422,0.18867924528301888,0.18867924528301888,1.6981132075471699,22.830188679245282,0.0,59.81132075471698,0.18867924528301888,0.5660377358490566,0.0,0.0,0.0,0.0,7.9245283018867925,2.641509433962264,52.83018867924528,37.16981132075472,27.358490566037737,24.339622641509433,0.0,19.433962264150942,0.0
The Billionaire’s Lost Love,2.737222222222222,535,3,18.418691588785048,4.3,0.5932677893038405,0.18691588785046728,0.7476635514018691,2.2429906542056073,21.869158878504674,0.0,62.61682242990654,0.7476635514018691,2.05607476635514,0.0,0.37383177570093457,0.0,0.0,6.91588785046729,1.8691588785046729,63.36448598130841,49.532710280373834,28.785046728971963,24.299065420560748,0.0,18.69158878504673,0.0
Bodyguard of her love,2.1455555555555557,205,0,37.678048780487806,4.285714285714286,26.68417052442479,0.0,0.0,0.0,58.048780487804876,0.975609756097561,20.975609756097562,0.0,1.4634146341463414,0.0,0.0,7.317073170731708,0.975609756097561,0.0,4.390243902439025,78.53658536585365,69.26829268292683,63.90243902439025,58.53658536585366,3.902439024390244,54.146341463414636,0.0
The Missing Piece,2.128888888888889,551,1,13.909255898366606,1.4516129032258065,0.5080984825331202,0.18148820326678766,0.7259528130671506,1.4519056261343013,21.05263157894737,6.170598911070781,56.80580762250454,0.7259528130671506,1.0889292196007259,0.0,0.3629764065335753,0.0,0.0,7.078039927404719,2.540834845735027,68.42105263157895,46.46098003629764,29.58257713248639,21.77858439201452,0.0,16.1524500907441,0.0
Two Worlds Apart,2.0213888888888887,499,1,14.58316633266533,2.5294117647058822,0.3695596973236504,0.40080160320641284,1.2024048096192386,1.002004008016032,16.83366733466934,5.210420841683367,62.124248496993985,0.20040080160320642,0.20040080160320642,0.0,0.0,0.0,0.0,11.823647294589179,0.6012024048096193,60.32064128256513,42.88577154308617,29.458917835671343,22.645290581162325,0.0,14.629258517034069,0.0
Love’s Perfect Crime,1.8522222222222222,465,0,14.33978494623656,2.4,0.2820421066701182,0.43010752688172044,0.0,2.5806451612903225,12.043010752688172,0.8602150537634409,70.53763440860214,0.0,0.8602150537634409,0.0,0.0,0.0,0.0,9.89247311827957,1.7204301075268817,65.16129032258064,43.87096774193548,24.731182795698924,18.06451612903226,0.0,10.96774193548387,0.0
Under Her Control,1.5563888888888888,469,2,11.946695095948828,2.6666666666666665,0.38711968582712203,1.279317697228145,0.6396588486140725,0.6396588486140725,20.042643923240938,0.0,64.39232409381663,0.42643923240938164,2.1321961620469083,0.0,0.0,0.0,0.0,6.823027718550106,2.771855010660981,54.15778251599147,34.54157782515991,20.895522388059703,17.057569296375267,0.0,11.940298507462687,0.0
Taming Mr. Champion,1.3133333333333332,64,0,73.875,25.5,11.001489203276247,0.0,0.0,7.8125,71.875,0.0,4.6875,0.0,4.6875,0.0,0.0,0.0,0.0,7.8125,0.0,92.1875,87.5,84.375,82.8125,0.0,81.25,0.0
Love Lies and Bloodline,1.2772222222222223,445,0,10.332584269662922,2.888888888888889,0.288964303670186,0.2247191011235955,0.0,1.348314606741573,14.831460674157304,1.797752808988764,65.61797752808988,0.0,0.898876404494382,0.0,0.0,0.0,0.0,9.438202247191011,3.595505617977528,51.68539325842696,33.03370786516854,18.202247191011235,13.258426966292134,0.0,8.764044943820224,0.0
Uncle I love you,0.5402777777777777,37,0,52.567567567567565,2.8333333333333335,4.669195314000384,0.0,0.0,8.108108108108109,48.648648648648646,0.0,8.108108108108109,2.7027027027027026,10.81081081081081,0.0,0.0,0.0,0.0,10.81081081081081,2.7027027027027026,86.48648648648648,78.37837837837837,72.97297297297297,70.27027027027027,0.0,64.86486486486487,0.0
Treasure Appraisal: The Hidden Game,0.18472222222222223,34,0,19.558823529411764,1.5,0.808707284446066,0.0,0.0,5.882352941176471,29.41176470588235,0.0,0.0,0.0,20.58823529411765,0.0,0.0,0.0,0.0,32.35294117647059,11.764705882352942,79.41176470588235,50.0,32.35294117647059,20.58823529411765,0.0,17.647058823529413,0.0
Destined Love: Marry Me Again,0.1272222222222222,14,0,32.714285714285715,,1.5194744874261827,0.0,0.0,0.0,0.0,0.0,85.71428571428571,0.0,0.0,0.0,0.0,14.285714285714286,0.0,0.0,0.0,50.0,35.714285714285715,14.285714285714286,7.142857142857143,0.0,7.142857142857143,0.0
Dragon Firefighter and His Love,0.10277777777777777,18,0,20.555555555555557,1.0,2.021857923497268,0.0,0.0,5.555555555555555,16.666666666666668,0.0,22.22222222222222,0.0,38.888888888888886,0.0,0.0,0.0,0.0,0.0,11.11111111111111,83.33333333333333,66.66666666666667,50.0,44.44444444444444,0.0,27.77777777777778,0.0
Cleopatra 2 audio,0.06333333333333334,42,0,5.428571428571429,,8.225108225108226,0.0,0.0,14.285714285714286,33.333333333333336,0.0,0.0,0.0,14.285714285714286,0.0,0.0,0.0,0.0,4.761904761904762,11.904761904761905,45.23809523809524,26.19047619047619,7.142857142857143,7.142857142857143,0.0,4.761904761904762,0.0
Return to the secret heiress,0.04388888888888889,9,0,17.555555555555557,,0.7754220651747153,0.0,0.0,0.0,0.0,0.0,33.333333333333336,0.0,44.44444444444444,0.0,0.0,0.0,0.0,11.11111111111111,11.11111111111111,77.77777777777777,55.55555555555556,44.44444444444444,33.333333333333336,0.0,33.333333333333336,0.0
test,0.0019444444444444444,1,0,7.0,,1.4198782961460445,0.0,0.0,0.0,0.0,0.0,0.0,0.0,100.0,0.0,0.0,0.0,0.0,0.0,0.0,100.0,100.0,0.0,0.0,0.0,0.0,0.0
